{"cameraMode":{"drawMode":0,"name":"Shaded","section":"Shading Mode"},"sceneLighting":true,"audioPlay":false,"sceneViewState":{"m_AlwaysRefresh":false,"showFog":true,"showSkybox":true,"showFlares":true,"showImageEffects":true,"showParticleSystems":true,"showVisualEffectGraphs":true,"m_FxEnabled":true},"in2DMode":false,"pivot":{"x":7.010982513427734,"y":10.152129173278809,"z":-21.3465518951416},"rotation":{"x":0.01349776890128851,"y":-0.016498252749443055,"z":0.0002217000728705898,"w":0.999782383441925},"size":11.589316368103028,"orthographic":true}